6tf2_A	6tf2_A
6tf2_A	7d7y_A
6tf2_A	6tf0_A
6tf2_A	7d7x_A
6tf2_A	7d7z_A
6tf2_A	6tfe_A
6tf2_A	6tf1_A
6tf2_A	6tf3_A
6tf2_A	7d7w_A
6tf2_A	6tfg_A
6tf2_A	6tff_A
6tf2_A	6tb7_A
6tf2_A	6tfh_A
1akx_A	1akx_A
1akx_A	1aju_A
1i9v_A	1i9v_A
1i9v_A	1tn2_A
1i9v_A	1evv_A
1i9v_A	1tn1_A
3k0j_E	3k0j_E
3k0j_E	3k0j_F
3k0j_E	4nya_A
3k0j_E	4nya_B
3k0j_E	2gdi_Y
3k0j_E	2gdi_X
3k0j_E	7tzr_Y
3k0j_E	7tzr_X
8d2b_A	8d2b_A
8d2b_A	8d2b_B
8d2b_A	8d5o_A
8d2b_A	8d5o_B
8d2b_A	8d28_A
8d2b_A	8d28_B
8d2b_A	8d2a_A
8d2b_A	8d2a_B
8d2b_A	8d5l_C
8d2b_A	8d5l_D
8d2b_A	8d5l_A
8d2b_A	8d5l_B
8d2b_A	1o15_A
8d2b_A	1eht_A
1uud_B	1uud_B
1uud_B	1uui_B
1uud_B	1arj_N
1uud_B	1uts_B
2hol_A	2hol_A
2hol_A	7td7_A
2hol_A	7tda_A
2hol_A	4nyb_A
2hol_A	7tdb_A
2hol_A	4nyg_A
2hol_A	7tdc_A
2hol_A	2hoo_A
2hol_A	2hom_A
2hol_A	2hop_A
2hol_A	8f4o_B
2hol_A	2hoj_A
2hol_A	7tzu_A
2hol_A	7tzt_A
5z1i_A	5z1i_A
6c64_A	6c64_A
6c64_A	6c64_B
6c64_A	8u60_C
6c64_A	8u60_A
6c64_A	8u60_B
6c64_A	6c63_A
6c64_A	6c63_B
6c64_A	6c63_C
6c64_A	6c65_A
6c64_A	6c65_B
6c64_A	6c65_C
6c64_A	8u5k_C
6c64_A	8u5k_A
6c64_A	8u5k_B
6c64_A	8u5p_A
3tzr_A	3tzr_A
3tzr_B	3tzr_B
2f4s_A	2f4s_A
2f4s_A	2f4s_B
2f4s_A	2f4t_A
2f4s_A	3s4p_A
2f4s_A	3s4p_B
2f4s_A	4f8v_A
2f4s_A	4f8v_B
2f4s_A	2f4u_A
2f4s_A	2f4u_B
2f4s_A	4f8u_B
2f4s_A	2pwt_A
2f4s_A	2pwt_B
7oa3_A	7oa3_A
7oa3_A	7oa3_B
7oa3_A	7oax_C
7oa3_A	7oax_D
7oa3_A	7oax_A
7oa3_A	7oax_B
7oa3_A	7oav_C
7oa3_A	7oav_D
7oa3_A	7oav_A
7oa3_A	7oav_B
7oa3_A	7oaw_C
7oa3_A	7oaw_D
7oa3_A	7oaw_A
7oa3_A	7oaw_B
6qiv_A	6qiv_A
7edm_A	7edm_A
7edm_A	7edm_B
7edm_A	3td1_A
7edm_A	3td1_B
4k32_A	4k32_A
4k32_A	4k32_B
4k32_A	4k31_C
4k32_A	4k31_B
1f1t_A	1f1t_A
1f1t_A	1q8n_A
4gpy_A	4gpy_A
4gpy_A	4gpy_B
4gpy_A	5z1h_A
4gpy_A	5z1h_B
4gpy_A	4pdq_A
4gpy_A	4pdq_B
4gpy_A	7edl_A
4gpy_A	7edl_B
4gpy_A	3wru_A
4gpy_A	3wru_B
4gpy_A	6jbf_A
4gpy_A	6jbf_B
2et8_A	2et8_A
2et8_A	2et8_B
2et8_A	2et3_A
2et8_A	2et3_B
2et8_A	2bee_A
2et8_A	2bee_B
2et8_A	1j7t_A
2et8_A	1j7t_B
2et8_A	2esj_A
2et8_A	2esj_B
2et8_A	1mwl_A
2et8_A	1mwl_B
2et8_A	2et4_A
2et8_A	2et4_B
2et8_A	2be0_A
2et8_A	2be0_B
1ykv_C	1ykv_C
1ykv_C	1ykv_A
1ykv_C	1yls_C
1ykv_C	1yls_A
1ykv_D	1ykv_D
1ykv_D	1ykv_B
1ykv_D	1yls_D
1ykv_D	1yls_B
2f4t_B	2f4t_B
2f4t_B	4p20_A
2f4t_B	4p20_B
2f4t_B	2o3x_A
2f4t_B	2o3x_B
2f4t_B	1lc4_A
2f4t_B	1lc4_B
2f4t_B	1yrj_A
2f4t_B	1yrj_B
2f4t_B	2esi_A
2f4t_B	2esi_B
2oe8_A	2oe8_A
2oe8_B	2oe8_B
2o3w_A	2o3w_A
2o3w_A	2o3w_B
2o3w_A	2o3y_A
2o3w_A	2o3y_B
2o3w_A	2o3v_A
2o3w_A	2o3v_B
2o3w_A	2g5k_A
2o3w_A	2g5k_B
4lx5_A	4lx5_A
4lx5_A	4lx6_A
1zz5_C	1zz5_C
1zz5_C	1zz5_A
1zz5_C	2a04_C
1zz5_C	2a04_A
1zz5_D	1zz5_D
1zz5_D	1zz5_B
1zz5_D	2a04_D
1zz5_D	2a04_B
3f2q_X	3f2q_X
3f2q_X	5c45_X
3f2q_X	5c45_Y
3f2q_X	5kx9_X
3f2q_X	5kx9_Y
3f2q_X	3f2y_X
3f2q_X	3f4e_X
3f2q_X	3f4e_Y
3f2q_X	6dn1_X
3f2q_X	3f2t_X
3f2q_X	3f2x_X
3f2q_X	3f30_X
3f2q_X	6dn3_X
3f2q_X	6dn3_Y
3f2q_X	3f4g_X
3f2q_X	3f4g_Y
3f2q_X	2yie_X
3f2q_X	6bfb_X
3f2q_X	6bfb_Y
3f2q_X	3f2w_X
3f2q_X	6dn2_X
3f2q_X	6dn2_Y
3f2q_X	3f4h_X
3f2q_X	3f4h_Y
5v1l_A	5v1l_A
5v1l_A	5v1l_B
7e9i_A	7e9i_A
7e9i_A	6e1s_A
7e9i_A	7e9e_A
7e9i_A	3q50_A
7e9i_A	6vui_A
7e9i_A	6e1u_A
7e9i_A	6e1w_A
7e9i_A	3gca_A
7eoi_A	7eoi_A
7eoi_A	7eom_A
7eoi_A	7eol_A
7eoi_A	7eop_A
7eoi_A	7eoj_A
7eoi_A	7eog_A
7eoi_A	7eon_A
7eoi_A	7eok_A
7eoi_A	7eoh_A
7eoi_A	7eoo_A
5bjp_E	5bjp_E
5bjp_E	5bjp_Y
5bjp_E	6e84_A
5bjp_E	6e81_A
5bjp_E	6e82_A
5bjp_E	5bjo_E
5bjp_E	5bjo_Y
4p3s_A	4p3s_A
4p3s_A	4p3s_B
3mij_A	3mij_A
5zej_A	5zej_A
5zej_A	5zej_B
5zej_A	5zei_A
3skz_A	3skz_A
3skz_A	3skz_B
3skz_A	3skw_A
3skz_A	3skw_B
3skz_A	3slq_A
3skz_A	3slq_B
3skz_A	3skl_A
3skz_A	3skl_B
3skz_A	3slm_A
3skz_A	3slm_B
3skz_A	3skt_A
3skz_A	3skt_B
3skz_A	3skr_A
3skz_A	3skr_B
3skz_A	3ski_A
3skz_A	3ski_B
7edt_A	7edt_A
3b4a_A	3b4a_A
3b4a_A	3b4b_A
3b4a_A	2ho7_A
3b4a_A	3b4c_A
3b4a_B	3b4a_B
3b4a_B	3b4b_B
3b4a_B	2ho7_B
3b4a_B	3b4c_B
5vj9_B	5vj9_B
5vj9_B	5vjb_B
3bnq_C	3bnq_C
3bnq_C	3bnr_C
4lvx_A	4lvx_A
4lvx_A	4lvy_A
4lvx_A	6q57_A
4lvx_A	4lvv_A
4lvx_A	3sd3_A
1nta_A	1nta_A
1nta_A	1ntb_A
1nta_B	1nta_B
1nta_B	1ntb_B
4gpw_A	4gpw_A
4gpw_A	4gpw_B
4gpw_A	4gpx_A
4gpw_A	4gpx_B
6xrq_A	6xrq_A
6xrq_A	6xrq_B
6xrq_A	6jji_B
1n7a_B	1n7a_B
1n7a_B	1n7a_H
1n7a_B	1n7a_F
1n7a_B	1n7a_A
1n7a_B	1n7b_B
1n7a_B	1n7b_H
1n7a_B	1n7b_F
1n7a_B	1n7b_A
6n5q_A	6n5q_A
6n5q_A	4qk8_A
6n5q_A	6n5k_A
6n5q_A	6n5p_A
6n5q_A	6wtl_A
6n5q_A	6wtr_A
6n5q_A	6n5o_A
6n5q_A	6n5t_A
6n5q_A	6n5s_A
6n5q_A	6n5n_A
6n5q_A	4qka_A
4kqy_A	4kqy_A
5z71_A	5z71_A
5z71_A	5z71_B
5z71_A	5xz1_C
5z71_A	5xz1_D
5z71_A	5xz1_A
5z71_A	5xz1_B
4y1m_A	4y1m_A
4y1m_A	4y1m_B
1f27_A	1f27_A
1f27_B	1f27_B
3mxh_R	3mxh_R
3mxh_R	3mur_R
3mxh_R	3mum_R
3mxh_R	3muv_R
3mxh_R	3mut_R
3mxh_R	4yb1_R
3mxh_R	3irw_R
2au4_A	2au4_A
7d81_A	7d81_A
7d81_A	7d82_A
3egz_B	3egz_B
1koc_A	1koc_A
1koc_B	1koc_B
6yml_D	6yml_D
6yml_D	6ymi_N
6yml_D	6ymi_D
6yml_D	6ymi_J
6yml_D	6ymi_P
6yml_D	6ymj_D
6yml_D	6ymj_J
6yml_D	6ymj_P
6yml_D	6ymk_N
6yml_D	6ymk_D
6yml_D	6ymk_B
6yml_D	6ymk_J
6yml_D	6ymk_G
6yml_D	6ymk_P
6yml_D	6ymm_D
6yml_D	6ylb_N
6yml_D	6ylb_D
6yml_D	6ylb_B
6yml_D	6ylb_J
6yml_D	6ylb_G
6yml_D	6ylb_P
6lax_A	6lax_A
6lax_A	6lax_B
6lax_A	6las_A
6lax_A	6las_B
6lax_A	6laz_A
6lax_A	6laz_B
6lax_A	6lau_A
6lax_A	6lau_B
6v9b_D	6v9b_D
6v9b_D	6v9d_E
1xpf_A	1xpf_A
1xpf_A	1xpf_B
6e8u_B	6e8u_B
6e8u_B	6pq7_C
4w90_C	4w90_C
4w90_C	4w92_C
7l0z_G	7l0z_G
7l0z_G	5ob3_A
4zc7_C	4zc7_C
4zc7_C	4zc7_D
4zc7_C	4zc7_A
4zc7_C	4zc7_B
8i45_A	8i45_A
3v7e_C	3v7e_C
3v7e_C	3iqr_A
3v7e_C	5fk6_A
3v7e_C	5fk3_A
3v7e_C	3iqn_A
3v7e_C	7eaf_A
3v7e_C	5fk2_A
3v7e_C	4aob_A
3v7e_C	5fk5_A
3v7e_C	3gx5_A
3v7e_C	5fkh_A
3v7e_C	5fk4_A
3v7e_C	3v7e_D
3v7e_C	3gx3_A
3v7e_C	5fkg_A
3v7e_C	3gx6_A
3v7e_C	4b5r_A
3v7e_C	5fkf_A
3v7e_C	3gx7_A
3v7e_C	5fke_A
3v7e_C	5fk1_A
3v7e_C	2ydh_A
3v7e_C	5fkd_A
3v7e_C	2gis_A
3v7e_C	3gx2_A
3v7e_C	5fjc_A
8u5z_C	8u5z_C
8u5z_C	8u5z_B
8u5z_C	8u5t_C
8u5z_C	8u5t_A
8u5z_C	8u5t_B
1fmn_A	1fmn_A
1am0_A	1am0_A
6dmc_A	6dmc_A
6dmc_A	6dmc_B
6dmc_A	6dme_A
6dmc_A	6dmd_A
6dmc_A	6dmd_B
6hbt_A	6hbt_A
6hbt_A	6hc5_A
2tra_A	2tra_A
4kzd_R	4kzd_R
4kzd_R	4ts2_Y
4kzd_R	4q9r_R
4kzd_R	4q9q_R
4f8u_A	4f8u_A
2kxm_A	2kxm_A
2kxm_A	2n0j_A
2kxm_A	2mxs_A
4yaz_R	4yaz_R
4yaz_R	4yb0_R
4yaz_R	4yb0_A
4yaz_R	4yaz_A
8hba_A	8hba_A
8hba_A	8hba_B
8hba_A	8hb8_A
3g96_F	3g96_F
3g96_F	3g9c_E
3g96_F	3l3c_H
3g96_F	3l3c_E
3g96_F	3l3c_F
3g96_F	3l3c_G
3g96_F	2nz4_H
3g96_F	2nz4_E
3g96_F	2nz4_F
3g96_F	2nz4_G
3g96_F	3g8t_H
3g96_F	3g8t_E
3g96_F	3g8t_F
3g96_F	3g8t_G
3g96_Q	3g96_Q
3g96_Q	3g9c_P
3g96_Q	3l3c_Q
3g96_Q	3l3c_S
3g96_Q	3l3c_P
3g96_Q	3l3c_R
3g96_Q	2nz4_Q
3g96_Q	2nz4_S
3g96_Q	2nz4_P
3g96_Q	2nz4_R
3g96_Q	3g8t_Q
3g96_Q	3g8t_S
3g96_Q	3g8t_P
3g96_Q	3g8t_R
6up0_C	6up0_C
6up0_C	6e8t_C
6up0_C	6e8t_B
6up0_C	6up0_D
5lwj_A	5lwj_A
6db8_R	6db8_R
5zei_B	5zei_B
7d12_A	7d12_A
8eyu_A	8eyu_A
8eyu_A	8eyu_B
8eyu_A	8eyw_A
8eyu_A	8eyw_B
8eyu_A	8eyv_A
8eyu_A	8eyv_B
8eyu_A	8f0n_A
8eyu_A	8f0n_B
3npq_C	3npq_C
3npq_C	3npq_A
3npq_C	3npq_B
3npq_C	3npn_A
6cc3_B	6cc3_B
6cc3_B	4y1j_A
6cc3_B	4y1j_B
6cc3_B	4y1i_A
6cc3_B	4y1i_B
6cc3_B	6cc1_A
6cc3_B	6cc1_B
6cc3_B	6cb3_A
6cc3_B	6cb3_B
7u0y_R	7u0y_R
7u0y_R	7szu_R
8gxb_A	8gxb_A
8gxb_A	8gxb_B
8gxb_A	8gxc_A
8gxb_A	8gxc_B
3k1v_A	3k1v_A
7fj0_A	7fj0_A
4xw7_A	4xw7_A
4xw7_A	4xwf_A
6ck5_A	6ck5_A
6ck5_A	6ck5_B
6ck5_A	6ck4_C
6ck5_A	6ck4_D
6ck5_A	6ck4_A
6ck5_A	6ck4_B
6uej_B	6uej_B
7d7v_A	7d7v_A
2oe5_A	2oe5_A
2oe5_B	2oe5_B
4qln_A	4qln_A
4qln_A	4qlm_A
3fo6_A	3fo6_A
3fo6_A	3ds7_A
3fo6_A	3ds7_B
3fo6_A	3gog_A
3fo6_A	3rkf_C
3fo6_A	3rkf_D
3fo6_A	3rkf_A
3fo6_A	3rkf_B
3fo6_A	3ges_A
3fo6_A	6uc8_B
3fo6_A	3ger_A
3fo6_A	6uc7_B
3fo6_A	6uc9_B
3fo6_A	3fo4_A
4p5j_A	4p5j_A
5xi1_S	5xi1_S
5xi1_S	5xi1_A
6uet_A	6uet_A
7mkt_A	7mkt_A
7ych_B	7ych_B
8i7n_N	8i7n_N
8i7n_N	7ycg_N
8i7n_N	7ych_N
8i7n_N	7yc8_N
8i7n_N	7yci_N
6va4_A	6va4_A
6va4_A	6va2_A
6va4_A	6va3_A
6va4_B	6va4_B
6va4_B	6va2_B
6va4_B	6va3_B
3d2x_A	3d2x_A
3d2x_A	3d2x_B
3d2x_A	2cky_A
3d2x_A	2cky_B
3d2x_A	3d2g_A
3d2x_A	3d2g_B
3d2x_A	3d2v_A
3d2x_A	3d2v_B
7rwr_A	7rwr_A
5v3f_A	5v3f_A
5v3f_A	5v3f_B
4oqu_A	4oqu_A
4oqu_A	4l81_A
6e1v_A	6e1v_A
2qwy_C	2qwy_C
2qwy_C	2qwy_A
2qwy_C	2qwy_B
3e5f_A	3e5f_A
3e5f_A	3e5c_A
3e5f_A	3e5e_A
1j8g_C	1j8g_C
1j8g_C	1j8g_A
1j8g_C	1j8g_B
4nfo_C	4nfo_C
4nfo_C	4nfo_A
4nfo_C	4nfo_B
6dlt_A	6dlt_A
6dlt_A	6dlq_A
6dlt_A	6dls_A
6dlt_A	6dlr_A
6p2h_A	6p2h_A
3suh_X	3suh_X
3suh_X	3sux_X
1fuf_A	1fuf_A
1fuf_A	1fuf_B
8hb3_A	8hb3_A
8hb3_A	8hb1_A
8hb3_A	8i3z_A
8hb3_B	8hb3_B
8hb3_B	8hb1_B
8hb3_B	8i3z_B
3diq_A	3diq_A
3diq_A	3dig_X
3diq_A	3dim_A
3diq_A	3dio_X
3diq_A	3dir_A
3diq_A	3dil_A
7wif_V	7wif_V
7wif_V	7wib_V
7wif_V	7wii_V
6dn1_Z	6dn1_Z
6dn1_Z	2yie_Z
7elp_A	7elp_A
7elp_A	7elp_B
5btp_A	5btp_A
5btp_A	5btp_B
5btp_A	6wzs_A
5btp_A	6wzs_B
5btp_A	6wzr_A
5btp_A	6wzr_B
5btp_A	6od9_A
5btp_A	6od9_B
1i2y_D	1i2y_D
1i2y_D	1i2y_B
1i2y_D	1i2y_C
1i2y_D	1i2y_A
7kvv_D	7kvv_D
7kvv_D	7kvt_B
7kvv_D	7kvu_G
4ts2_X	4ts2_X
4rzd_A	4rzd_A
4rzd_A	6xko_A
4rzd_A	6xkn_A
4znp_A	4znp_A
4znp_A	4znp_B
6jbg_A	6jbg_A
6jbg_A	6jbg_B
2ygh_A	2ygh_A
1raw_A	1raw_A
2m4q_1	2m4q_1
5d5l_C	5d5l_C
5d5l_C	5d5l_D
5d5l_C	5d5l_A
5d5l_C	5d5l_B
5d5l_C	4jf2_A
7dwh_Y	7dwh_Y
7dwh_Y	7dwh_X
2kx8_A	2kx8_A
4qk9_A	4qk9_A
6gyv_A	6gyv_A
6gyv_A	6g7z_B
1lvj_A	1lvj_A
6gzk_A	6gzk_A
6gzk_A	6gzr_A
1ei2_A	1ei2_A
1ei2_A	2kgp_A
2lwk_A	2lwk_A
2juk_A	2juk_A
6yl5_D	6yl5_D
6yl5_D	6yml_C
6yl5_D	6ymi_C
6yl5_D	6ymi_I
6yl5_D	6ymi_O
6yl5_D	6ymj_C
6yl5_D	6ymj_I
6yl5_D	6ymj_O
6yl5_D	6ymk_C
6yl5_D	6ymk_I
6yl5_D	6ymk_O
6yl5_D	6ymm_C
6yl5_D	6ylb_C
6yl5_D	6ylb_I
6yl5_D	6ylb_O
6yl5_D	6yl5_B
6yl5_D	6yl5_H
6yl5_D	6yl5_C
6yl5_D	6yl5_J
6yl5_D	6yl5_F
6yl5_D	6yl5_K
6yl5_D	6yl5_L
6yl5_D	6yl5_G
6xb7_A	6xb7_A
7zj4_E	7zj4_E
2miy_A	2miy_A
7fhi_A	7fhi_A
1fyp_A	1fyp_A
8uiw_N	8uiw_N
8uiw_N	8uiw_R
8uiw_N	8uta_N
8uiw_N	8uta_R
8g8z_R	8g8z_R
8g8z_R	3fu2_C
8g8z_R	3fu2_A
8g8z_R	3fu2_B
8g8z_R	2l1v_A
8g8z_R	8g7e_R
8g8z_R	8g4w_R
6chr_A	6chr_A
6chr_A	4r0d_A
2ktz_A	2ktz_A
2ktz_A	2ku0_A
3q3z_A	3q3z_A
3q3z_A	3q3z_V
6fz0_A	6fz0_A
6hag_A	6hag_A
6hmo_A	6hmo_A
6hmo_A	8cf2_A
6hmo_A	8r8p_A
6hmo_A	8r63_A
6hmo_A	8r62_A
6hmo_B	6hmo_B
6hmo_B	8cf2_B
6hmo_B	8r8p_B
6hmo_B	8r63_B
6hmo_B	8r62_B
7a3y_A	7a3y_A
7a3y_B	7a3y_B
3iwn_A	3iwn_A
3iwn_A	3iwn_B
1kod_A	1kod_A
1kod_B	1kod_B
4qvi_B	4qvi_B
8i43_A	8i43_A
8i46_A	8i46_A
2kd4_A	2kd4_A
2kd4_A	2kd4_B
2l94_A	2l94_A
8fza_A	8fza_A
8fza_A	8fza_B
5t83_A	5t83_A
8i44_A	8i44_A
6t3n_A	6t3n_A
6t3n_A	4fb0_A
6t3n_A	4e8n_A
6t3n_A	6t3r_A
6t3n_A	4e8r_A
6t3n_A	4e8q_A
6t3n_A	4faw_A
6t3n_A	4far_A
6t3n_A	4fax_A
6t3n_A	4e8p_A
6t3n_A	4faq_A
6t3n_A	4fau_A
6t3n_A	6t3k_A
6t3n_A	4e8m_A
6t3n_A	4e8k_A
6t3n_A	4e8v_A
6t3n_A	6t3s_A
6t3n_A	4e8t_A
5kpy_A	5kpy_A
